{
  "name": "Sketch1",
  "curves": {
    "0": {
      "type": "adsk::fusion::SketchLine",
      "len": 6.385066634855473,
      "startpt": {
        "x": 0.0,
        "y": 0.0,
        "z": 0.0
      },
      "endpt": {
        "x": 2.1838214055972163,
        "y": 6.0,
        "z": 0.0
      }
    },
    "1": {
      "type": "adsk::fusion::SketchLine",
      "len": 1.0000000000000004,
      "startpt": {
        "x": 2.1838214055972163,
        "y": 6.0,
        "z": 0.0
      },
      "endpt": {
        "x": 3.1838214055972167,
        "y": 6.000000000000002,
        "z": 0.0
      }
    },
    "2": {
      "type": "adsk::fusion::SketchLine",
      "len": 6.385066634855456,
      "startpt": {
        "x": 3.1838214055972167,
        "y": 6.000000000000002,
        "z": 0.0
      },
      "endpt": {
        "x": 5.367642811194389,
        "y": 3.712308238590367e-15,
        "z": 0.0
      }
    },
    "3": {
      "type": "adsk::fusion::SketchLine",
      "len": 1.0,
      "startpt": {
        "x": 5.367642811194389,
        "y": 3.712308238590367e-15,
        "z": 0.0
      },
      "endpt": {
        "x": 4.367642811194389,
        "y": 2.6888253233020574e-15,
        "z": 0.0
      }
    },
    "4": {
      "type": "adsk::fusion::SketchLine",
      "len": 2.1283555449518183,
      "startpt": {
        "x": 4.367642811194389,
        "y": 2.6888253233020574e-15,
        "z": 0.0
      },
      "endpt": {
        "x": 3.6397023426619928,
        "y": 1.9999999999999996,
        "z": 0.0
      }
    },
    "5": {
      "type": "adsk::fusion::SketchLine",
      "len": 1.9117618741295896,
      "startpt": {
        "x": 3.6397023426619928,
        "y": 1.9999999999999996,
        "z": 0.0
      },
      "endpt": {
        "x": 1.7279404685324031,
        "y": 1.9999999999999996,
        "z": 0.0
      }
    },
    "6": {
      "type": "adsk::fusion::SketchLine",
      "len": 2.128355544951823,
      "startpt": {
        "x": 1.7279404685324031,
        "y": 1.9999999999999996,
        "z": 0.0
      },
      "endpt": {
        "x": 1.0,
        "y": 0.0,
        "z": 0.0
      }
    },
    "7": {
      "type": "adsk::fusion::SketchLine",
      "len": 1.0,
      "startpt": {
        "x": 1.0,
        "y": 0.0,
        "z": 0.0
      },
      "endpt": {
        "x": 0.0,
        "y": 0.0,
        "z": 0.0
      }
    },
    "8": {
      "type": "adsk::fusion::SketchLine",
      "len": 1.730631117346167,
      "startpt": {
        "x": 2.0919107027986046,
        "y": 3.0,
        "z": 0.0
      },
      "endpt": {
        "x": 2.683821405597202,
        "y": 4.626261290272665,
        "z": 0.0
      }
    },
    "9": {
      "type": "adsk::fusion::SketchLine",
      "len": 1.730631117346165,
      "startpt": {
        "x": 2.683821405597202,
        "y": 4.626261290272665,
        "z": 0.0
      },
      "endpt": {
        "x": 3.2757321083957933,
        "y": 3.0,
        "z": 0.0
      }
    },
    "10": {
      "type": "adsk::fusion::SketchLine",
      "len": 1.1838214055971887,
      "startpt": {
        "x": 3.2757321083957933,
        "y": 3.0,
        "z": 0.0
      },
      "endpt": {
        "x": 2.0919107027986046,
        "y": 3.0,
        "z": 0.0
      }
    },
    "11": {
      "type": "adsk::fusion::SketchLine",
      "len": 6.000000000000001,
      "startpt": {
        "x": 5.867642811194389,
        "y": -4.4030864703974255e-16,
        "z": 0.0
      },
      "endpt": {
        "x": 5.867642811194389,
        "y": 6.000000000000001,
        "z": 0.0
      }
    },
    "12": {
      "type": "adsk::fusion::SketchLine",
      "len": 2.5976724774607236,
      "startpt": {
        "x": 5.867642811194389,
        "y": 6.000000000000001,
        "z": 0.0
      },
      "endpt": {
        "x": 8.465315288655113,
        "y": 6.000000000000387,
        "z": 0.0
      }
    },
    "13": {
      "type": "adsk::fusion::SketchLine",
      "len": 3.1925333174281363,
      "startpt": {
        "x": 8.465315288655113,
        "y": 6.000000000000387,
        "z": 0.0
      },
      "endpt": {
        "x": 9.55722599145323,
        "y": 2.9999999999997833,
        "z": 0.0
      }
    },
    "14": {
      "type": "adsk::fusion::SketchLine",
      "len": 3.1925333174274924,
      "startpt": {
        "x": 9.55722599145323,
        "y": 2.9999999999997833,
        "z": 0.0
      },
      "endpt": {
        "x": 8.465315288654711,
        "y": 1.0602629885170245e-14,
        "z": 0.0
      }
    },
    "15": {
      "type": "adsk::fusion::SketchLine",
      "len": 2.597672477460322,
      "startpt": {
        "x": 8.465315288654711,
        "y": 1.0602629885170245e-14,
        "z": 0.0
      },
      "endpt": {
        "x": 5.867642811194389,
        "y": -4.4030864703974255e-16,
        "z": 0.0
      }
    },
    "16": {
      "type": "adsk::fusion::SketchLine",
      "len": 1.0,
      "startpt": {
        "x": 6.807335431980336,
        "y": 5.060307379215516,
        "z": 0.0
      },
      "endpt": {
        "x": 7.807335431980336,
        "y": 5.060307379215517,
        "z": 0.0
      }
    },
    "17": {
      "type": "adsk::fusion::SketchLine",
      "len": 2.1925333174290484,
      "startpt": {
        "x": 7.807335431980336,
        "y": 5.060307379215517,
        "z": 0.0
      },
      "endpt": {
        "x": 8.55722599145328,
        "y": 3.0000000000000306,
        "z": 0.0
      }
    },
    "18": {
      "type": "adsk::fusion::SketchLine",
      "len": 2.1925333174277206,
      "startpt": {
        "x": 8.55722599145328,
        "y": 3.0000000000000306,
        "z": 0.0
      },
      "endpt": {
        "x": 7.807335431980337,
        "y": 0.9396926207859573,
        "z": 0.0
      }
    },
    "19": {
      "type": "adsk::fusion::SketchLine",
      "len": 1.0000000000000009,
      "startpt": {
        "x": 7.807335431980337,
        "y": 0.9396926207859573,
        "z": 0.0
      },
      "endpt": {
        "x": 6.807335431980336,
        "y": 0.9396926207859573,
        "z": 0.0
      }
    },
    "20": {
      "type": "adsk::fusion::SketchLine",
      "len": 4.120614758429559,
      "startpt": {
        "x": 6.807335431980336,
        "y": 0.9396926207859573,
        "z": 0.0
      },
      "endpt": {
        "x": 6.807335431980336,
        "y": 5.060307379215516,
        "z": 0.0
      }
    }
  }
}